{
  "packages/ui/src/tabs.tsx": 1776439693.873115,
  "packages/ui/src/card.tsx": 1776439693.8196003,
  "packages/ui/src/sheet.tsx": 1776439693.857209,
  "packages/ui/src/scroll-area.tsx": 1776439693.8411841,
  "packages/ui/src/utils.ts": 1776439538.8007455,
  "packages/ui/src/tooltip.tsx": 1776439693.8783257,
  "packages/ui/src/avatar.tsx": 1776439693.8037312,
  "packages/ui/src/dialog.tsx": 1776439693.825184,
  "packages/ui/src/badge.tsx": 1776439693.8093,
  "packages/ui/src/table.tsx": 1776439693.8679106,
  "packages/ui/src/index.ts": 1776439995.6337345,
  "packages/ui/src/separator.tsx": 1776439693.8518941,
  "packages/ui/src/button.tsx": 1776439693.8144696,
  "packages/ui/src/dropdown-menu.tsx": 1776439693.8307092,
  "packages/ui/src/select.tsx": 1776439693.846894,
  "packages/ui/src/input.tsx": 1776439693.8359895,
  "packages/ui/src/skeleton.tsx": 1776439693.8628538,
  "packages/tools/src/policy.ts": 1776438025.0588427,
  "packages/tools/src/index.ts": 1776438703.513422,
  "packages/git-watch/src/index.ts": 1776611484.3494077,
  "packages/runtime/src/claude-cli.ts": 1776611484.3534446,
  "packages/runtime/src/projects.ts": 1776611484.3548973,
  "packages/runtime/src/sdk-runner.ts": 1776611484.35533,
  "packages/runtime/src/playwright-mcp.ts": 1776611484.3547428,
  "packages/runtime/src/confirm-registry.ts": 1776611484.3536258,
  "packages/runtime/src/session.ts": 1776457435.332366,
  "packages/runtime/src/index.ts": 1776438703.5223174,
  "packages/runtime/src/models.ts": 1776611484.3539486,
  "packages/runtime/src/paths.ts": 1776611484.3542442,
  "packages/runtime/src/cost-tracker.ts": 1776611484.3537807,
  "packages/runtime/src/personality.ts": 1776611484.3545566,
  "packages/runtime/src/auth.ts": 1776611484.3531845,
  "packages/runtime/src/turn-registry.ts": 1776611484.3555222,
  "packages/graphify-bridge/src/mcp-server.ts": 1776611484.351192,
  "packages/graphify-bridge/src/refresh-docs.ts": 1776611484.351712,
  "packages/graphify-bridge/src/read-graph.ts": 1776611484.3514838,
  "packages/graphify-bridge/src/index.ts": 1776611484.3508527,
  "packages/graphify-bridge/src/watchdog.ts": 1776611484.3518884,
  "packages/project-context/src/workflow-health.ts": 1776611484.3526747,
  "packages/project-context/src/infra-probes.ts": 1776439847.9181185,
  "packages/project-context/src/index.ts": 1776611484.3525143,
  "apps/web/next-env.d.ts": 1776438642.3024435,
  "apps/web/next.config.ts": 1776611484.3244414,
  "apps/web/src/app/layout.tsx": 1776611484.328607,
  "apps/web/src/app/page.tsx": 1776611484.3289185,
  "apps/web/src/app/api/chat/route.ts": 1776611484.32597,
  "apps/web/src/app/api/chat/cancel/route.ts": 1776611484.3249815,
  "apps/web/src/app/api/chat/resume/route.ts": 1776611484.3252249,
  "apps/web/src/app/api/projects/route.ts": 1776611484.327092,
  "apps/web/src/app/api/projects/verify/route.ts": 1776611484.3272703,
  "apps/web/src/app/api/projects/active/route.ts": 1776611484.3269358,
  "apps/web/src/app/api/health/route.ts": 1776438358.8513973,
  "apps/web/src/app/api/cost/route.ts": 1776611484.3263862,
  "apps/web/src/app/api/graph/query/route.ts": 1776611484.3265924,
  "apps/web/src/app/api/confirm/route.ts": 1776611484.3262062,
  "apps/web/src/app/api/terminal/run/route.ts": 1776451119.7895687,
  "apps/web/src/app/api/models/route.ts": 1776611484.326745,
  "apps/web/src/app/api/sessions/route.ts": 1776611484.3278484,
  "apps/web/src/app/api/sessions/[sessionId]/route.ts": 1776611484.3275535,
  "apps/web/src/app/api/files/tree/route.ts": 1776449318.1911728,
  "apps/web/src/app/api/files/content/route.ts": 1776450403.5081446,
  "apps/web/src/app/api/files/status/route.ts": 1776450415.1491172,
  "apps/web/src/components/settings/model-picker.tsx": 1776611484.3332734,
  "apps/web/src/components/settings/permission-toggle.tsx": 1776611484.3334367,
  "apps/web/src/components/settings/personality-toggle.tsx": 1776611484.3335834,
  "apps/web/src/components/settings/shortcuts-help.tsx": 1776611484.333752,
  "apps/web/src/components/settings/theme-toggle.tsx": 1776611484.3339329,
  "apps/web/src/components/settings/use-theme.ts": 1776611484.3340828,
  "apps/web/src/components/chat/tool-call-card.tsx": 1776457578.8055952,
  "apps/web/src/components/chat/message-view.tsx": 1776457588.571233,
  "apps/web/src/components/chat/types.ts": 1776457477.3545027,
  "apps/web/src/components/chat/confirm-prompt.tsx": 1776457509.1424804,
  "apps/web/src/components/chat/use-chat-stream.ts": 1776611484.3301127,
  "apps/web/src/components/input/chat-input.tsx": 1776611484.3315384,
  "apps/web/src/components/shell/status-bar.tsx": 1776611484.3343818,
  "apps/web/src/components/cost/cost-pill.tsx": 1776611484.33049,
  "apps/web/src/components/graph/graph-panel.tsx": 1776611484.3312986,
  "apps/web/src/components/terminal/terminal.tsx": 1776611484.3351166,
  "apps/web/src/components/diff/diff-viewer.tsx": 1776611484.3308048,
  "apps/web/src/components/project/branch-badge.tsx": 1776611484.3324137,
  "apps/web/src/components/project/use-projects.ts": 1776611484.3329601,
  "apps/web/src/components/project/add-project-dialog.tsx": 1776611484.3321662,
  "apps/web/src/components/project/types.ts": 1776611484.3327894,
  "apps/web/src/components/project/project-picker.tsx": 1776611484.3325584,
  "apps/web/src/components/brain/brain-liquid.tsx": 1776611484.3295035,
  "apps/web/src/components/brain/marvin-brain.tsx": 1776611484.3298028,
  "apps/web/src/components/preview/preview-pane.tsx": 1776611484.3319542,
  "apps/web/src/components/file-viewer/file-viewer.tsx": 1776450473.4519985,
  "apps/web/src/components/file-tree/file-tree.tsx": 1776450447.3273273,
  "README.md": 1776611484.3239784,
  "PLAN.md": 1776611484.3236976,
  "REVIEW.md": 1776611484.3242118,
  "CLAUDE.md": 1776611484.3232107,
  "docs/README.md": 1776611484.3353953,
  "docs/roadmap.md": 1776611484.342853,
  "docs/security/tool-policy.md": 1776611484.3434238,
  "docs/security/data-flow.md": 1776611484.3432465,
  "docs/development/workspace.md": 1776611484.340286,
  "docs/development/testing.md": 1776611484.3400183,
  "docs/development/contributing.md": 1776611484.3397171,
  "docs/development/local-setup.md": 1776611484.3398693,
  "docs/business/licensing.md": 1776611484.3358943,
  "docs/business/vision.md": 1776611484.336077,
  "docs/business/cost-model.md": 1776611484.3356783,
  "docs/decisions/0005-per-project-isolation.md": 1776611484.3391888,
  "docs/decisions/0006-light-first-theme-cascade.md": 1776611484.339344,
  "docs/decisions/0003-advisor-strategy.md": 1776611484.3388286,
  "docs/decisions/0004-structural-confirm-gate.md": 1776611484.3390145,
  "docs/decisions/README.md": 1776611484.3394847,
  "docs/decisions/0002-default-to-opus-4-7.md": 1776611484.3386595,
  "docs/decisions/0001-single-assistant.md": 1776611484.3384898,
  "docs/operations/cost-tracking.md": 1776611484.3412602,
  "docs/operations/sessions.md": 1776611484.3417282,
  "docs/operations/observability.md": 1776611484.3415687,
  "docs/operations/health.md": 1776611484.3414202,
  "docs/getting-started/architecture.md": 1776611484.3404915,
  "docs/getting-started/overview.md": 1776611484.3406942,
  "docs/getting-started/quickstart.md": 1776611484.340887,
  "docs/guides/troubleshooting.md": 1776611484.3410895,
  "docs/concepts/isolation-contract.md": 1776611484.3373773,
  "docs/concepts/single-assistant.md": 1776611484.3382766,
  "docs/concepts/confirm-gate.md": 1776611484.3367338,
  "docs/concepts/graphify-integration.md": 1776611484.3371992,
  "docs/concepts/eight-phase-workflow.md": 1776611484.336978,
  "docs/concepts/advisor-strategy.md": 1776611484.3364031,
  "docs/concepts/memory-and-adrs.md": 1776611484.33761,
  "docs/reference/storage.md": 1776611484.3426585,
  "docs/reference/api.md": 1776611484.3419564,
  "docs/reference/shortcuts.md": 1776611484.3424084,
  "docs/reference/env-vars.md": 1776611484.3420854,
  "docs/reference/mcp-servers.md": 1776611484.3422656,
  "graphify-out/GRAPH_REPORT.md": 1776612496.02518,