{
  "packages/ui/src/tabs.tsx": 1776439693.873115,
  "packages/ui/src/card.tsx": 1776439693.8196003,
  "packages/ui/src/sheet.tsx": 1776439693.857209,
  "packages/ui/src/scroll-area.tsx": 1776439693.8411841,
  "packages/ui/src/utils.ts": 1776439538.8007455,
  "packages/ui/src/tooltip.tsx": 1776439693.8783257,
  "packages/ui/src/avatar.tsx": 1776439693.8037312,
  "packages/ui/src/dialog.tsx": 1776439693.825184,
  "packages/ui/src/badge.tsx": 1776439693.8093,
  "packages/ui/src/table.tsx": 1776439693.8679106,
  "packages/ui/src/index.ts": 1776439995.6337345,
  "packages/ui/src/separator.tsx": 1776439693.8518941,
  "packages/ui/src/button.tsx": 1776439693.8144696,
  "packages/ui/src/dropdown-menu.tsx": 1776439693.8307092,
  "packages/ui/src/select.tsx": 1776439693.846894,
  "packages/ui/src/input.tsx": 1776439693.8359895,
  "packages/ui/src/skeleton.tsx": 1776439693.8628538,
  "packages/tools/src/policy.ts": 1776438025.0588427,
  "packages/tools/src/index.ts": 1776438703.513422,
  "packages/git-watch/src/index.ts": 1776464110.3586845,
  "packages/runtime/src/claude-cli.ts": 1776464077.0164886,
  "packages/runtime/src/projects.ts": 1776458819.1438832,
  "packages/runtime/src/sdk-runner.ts": 1776468342.305127,
  "packages/runtime/src/playwright-mcp.ts": 1776468342.307437,
  "packages/runtime/src/confirm-registry.ts": 1776464845.9141579,
  "packages/runtime/src/session.ts": 1776457435.332366,
  "packages/runtime/src/index.ts": 1776438703.5223174,
  "packages/runtime/src/models.ts": 1776469778.738388,
  "packages/runtime/src/paths.ts": 1776464086.424023,
  "packages/runtime/src/cost-tracker.ts": 1776458850.3614736,
  "packages/runtime/src/personality.ts": 1776468014.3492298,
  "packages/runtime/src/auth.ts": 1776464057.0489411,
  "packages/runtime/src/turn-registry.ts": 1776469326.888735,
  "packages/graphify-bridge/src/mcp-server.ts": 1776459868.0551927,
  "packages/graphify-bridge/src/refresh-docs.ts": 1776464094.8151436,
  "packages/graphify-bridge/src/read-graph.ts": 1776459816.6973462,
  "packages/graphify-bridge/src/index.ts": 1776459874.4723608,
  "packages/graphify-bridge/src/watchdog.ts": 1776464103.0141938,
  "packages/project-context/src/workflow-health.ts": 1776467292.2993767,
  "packages/project-context/src/infra-probes.ts": 1776439847.9181185,
  "packages/project-context/src/index.ts": 1776466525.8645344,
  "apps/web/next-env.d.ts": 1776438642.3024435,
  "apps/web/next.config.ts": 1776468212.7393377,
  "apps/web/src/app/layout.tsx": 1776463222.375042,
  "apps/web/src/app/page.tsx": 1776469919.4195313,
  "apps/web/src/app/api/chat/route.ts": 1776469372.4848096,
  "apps/web/src/app/api/chat/cancel/route.ts": 1776469397.076669,
  "apps/web/src/app/api/chat/resume/route.ts": 1776469390.0644603,
  "apps/web/src/app/api/projects/route.ts": 1776458859.9800854,
  "apps/web/src/app/api/projects/verify/route.ts": 1776458871.5420303,
  "apps/web/src/app/api/projects/active/route.ts": 1776458867.1430905,
  "apps/web/src/app/api/health/route.ts": 1776438358.8513973,
  "apps/web/src/app/api/cost/route.ts": 1776458889.7299764,
  "apps/web/src/app/api/graph/query/route.ts": 1776458932.2546291,
  "apps/web/src/app/api/confirm/route.ts": 1776464858.2943683,
  "apps/web/src/app/api/terminal/run/route.ts": 1776451119.7895687,
  "apps/web/src/app/api/models/route.ts": 1776469661.0141342,
  "apps/web/src/app/api/sessions/route.ts": 1776458879.3500478,
  "apps/web/src/app/api/sessions/[sessionId]/route.ts": 1776458885.298692,
  "apps/web/src/app/api/files/tree/route.ts": 1776449318.1911728,
  "apps/web/src/app/api/files/content/route.ts": 1776450403.5081446,
  "apps/web/src/app/api/files/status/route.ts": 1776450415.1491172,
  "apps/web/src/components/settings/model-picker.tsx": 1776469695.2056928,
  "apps/web/src/components/settings/permission-toggle.tsx": 1776465108.4926558,
  "apps/web/src/components/settings/personality-toggle.tsx": 1776459086.2927325,
  "apps/web/src/components/settings/shortcuts-help.tsx": 1776461487.2937589,
  "apps/web/src/components/chat/tool-call-card.tsx": 1776457578.8055952,
  "apps/web/src/components/chat/message-view.tsx": 1776457588.571233,
  "apps/web/src/components/chat/types.ts": 1776457477.3545027,
  "apps/web/src/components/chat/confirm-prompt.tsx": 1776457509.1424804,
  "apps/web/src/components/chat/use-chat-stream.ts": 1776469709.2957761,
  "apps/web/src/components/input/chat-input.tsx": 1776462382.661317,
  "apps/web/src/components/shell/status-bar.tsx": 1776469941.1535592,
  "apps/web/src/components/cost/cost-pill.tsx": 1776462340.1227903,
  "apps/web/src/components/graph/graph-panel.tsx": 1776459129.1210666,
  "apps/web/src/components/terminal/terminal.tsx": 1776451161.0455155,
  "apps/web/src/components/diff/diff-viewer.tsx": 1776456911.310898,
  "apps/web/src/components/project/use-projects.ts": 1776458976.9391222,
  "apps/web/src/components/project/add-project-dialog.tsx": 1776458999.9118807,
  "apps/web/src/components/project/types.ts": 1776458959.7071338,
  "apps/web/src/components/project/project-picker.tsx": 1776460518.6846461,
  "apps/web/src/components/brain/marvin-brain.tsx": 1776514114.7712462,
  "apps/web/src/components/preview/preview-pane.tsx": 1776461444.097248,
  "apps/web/src/components/file-viewer/file-viewer.tsx": 1776450473.4519985,
  "apps/web/src/components/file-tree/file-tree.tsx": 1776450447.3273273,
  "README.md": 1776464230.929239,
  "PLAN.md": 1776470039.8654988,
  "CLAUDE.md": 1776468038.5903153,
  "graphify-out/GRAPH_REPORT.md": 1776587563.4974077,
  "hero.png": 1776469993.0537162
}