{
  "vitest.config.ts": 1776767634.2470763,
  "packages/ui/src/alert-dialog.tsx": 1776793915.2994657,
  "packages/ui/src/tabs.tsx": 1776767634.2457972,
  "packages/ui/src/card.tsx": 1776767634.2429354,
  "packages/ui/src/sheet.tsx": 1776767634.24543,
  "packages/ui/src/scroll-area.tsx": 1776767634.2448344,
  "packages/ui/src/utils.ts": 1776767634.2461426,
  "packages/ui/src/tooltip.tsx": 1776767634.2459557,
  "packages/ui/src/avatar.tsx": 1776767634.242244,
  "packages/ui/src/dialog.tsx": 1776793915.3010147,
  "packages/ui/src/badge.tsx": 1776767634.2424872,
  "packages/ui/src/table.tsx": 1776767634.245625,
  "packages/ui/src/index.ts": 1776767634.244012,
  "packages/ui/src/separator.tsx": 1776767634.2452428,
  "packages/ui/src/button.tsx": 1776767634.242775,
  "packages/ui/src/dropdown-menu.tsx": 1776796164.154248,
  "packages/ui/src/select.tsx": 1776767634.2450662,
  "packages/ui/src/input.tsx": 1776767634.244617,
  "packages/ui/src/skeleton.tsx": 1776439693.8628538,
  "packages/ui/src/context-menu.tsx": 1776796164.1539598,
  "packages/tools/tests/fs-constants.test.ts": 1776767634.241385,
  "packages/tools/tests/fs-write-policy.test.ts": 1776767634.2415447,
  "packages/tools/src/policy.ts": 1776438025.0588427,
  "packages/tools/src/index.ts": 1776767634.2411995,
  "packages/tools/src/fs-write-policy.ts": 1776767634.2410347,
  "packages/tools/src/fs-constants.ts": 1776767634.2408822,
  "packages/git-watch/src/index.ts": 1776767634.2350512,
  "packages/runtime/tests/scout-agent.test.ts": 1776802140.3190658,
  "packages/runtime/tests/fs-sandbox.test.ts": 1776767634.2398894,
  "packages/runtime/tests/honeycomb-config.test.ts": 1776782874.9522104,
  "packages/runtime/tests/fs-write-confirm-registry.test.ts": 1776767634.240132,
  "packages/runtime/src/fs-write-confirm-registry.ts": 1776767634.2380674,
  "packages/runtime/src/claude-cli.ts": 1776767634.2375588,
  "packages/runtime/src/fs-sandbox.ts": 1776767634.237863,
  "packages/runtime/src/projects.ts": 1776767634.2392077,
  "packages/runtime/src/sdk-runner.ts": 1776802140.3188698,
  "packages/runtime/src/playwright-mcp.ts": 1776767634.239001,
  "packages/runtime/src/confirm-registry.ts": 1776611484.3536258,
  "packages/runtime/src/honeycomb-config.ts": 1776782911.7097402,
  "packages/runtime/src/session.ts": 1776767634.2396505,
  "packages/runtime/src/index.ts": 1776782874.9520864,
  "packages/runtime/src/models.ts": 1776611484.3539486,
  "packages/runtime/src/paths.ts": 1776767634.2383988,
  "packages/runtime/src/cost-tracker.ts": 1776767634.2377257,
  "packages/runtime/src/personality.ts": 1776802140.3185909,
  "packages/runtime/src/auth.ts": 1776767634.2373705,
  "packages/runtime/src/turn-registry.ts": 1776611484.3555222,
  "packages/graphify-bridge/src/mcp-server.ts": 1776611484.351192,
  "packages/graphify-bridge/src/refresh-docs.ts": 1776767634.2360528,
  "packages/graphify-bridge/src/read-graph.ts": 1776767634.2358818,
  "packages/graphify-bridge/src/index.ts": 1776767634.2352738,
  "packages/graphify-bridge/src/watchdog.ts": 1776767634.2362072,
  "packages/project-context/src/workflow-health.ts": 1776767634.2368555,
  "packages/project-context/src/infra-probes.ts": 1776767634.2366848,
  "packages/project-context/src/index.ts": 1776767634.2364745,
  "packages/git/src/git-write-policy.test.ts": 1776789321.9186158,
  "packages/git/src/argv-guards.ts": 1776789321.9173331,
  "packages/git/src/parse-porcelain-v2.test.ts": 1776789321.91931,
  "packages/git/src/git-write-policy.ts": 1776789321.9190114,
  "packages/git/src/git-write-confirm-registry.ts": 1776789321.9177845,
  "packages/git/src/parse-porcelain-v2.ts": 1776789321.9198296,
  "packages/git/src/exec.ts": 1776789321.9176207,
  "packages/git/src/index.ts": 1776789321.9191601,
  "packages/git/src/argv-guards.test.ts": 1776789321.9170842,
  "apps/web/next-env.d.ts": 1776438642.3024435,
  "apps/web/next.config.ts": 1776792419.8732243,
  "apps/web/tests/task-role.test.ts": 1776805023.1123376,
  "apps/web/src/app/layout.tsx": 1776792419.8758595,
  "apps/web/src/app/page.tsx": 1776805023.1115775,
  "apps/web/src/app/api/chat/route.ts": 1776767634.209749,
  "apps/web/src/app/api/chat/cancel/route.ts": 1776767634.2083983,
  "apps/web/src/app/api/chat/resume/route.ts": 1776767634.2086358,
  "apps/web/src/app/api/projects/route.ts": 1776767634.2146227,
  "apps/web/src/app/api/projects/verify/route.ts": 1776767634.21489,
  "apps/web/src/app/api/projects/active/route.ts": 1776767634.2144287,
  "apps/web/src/app/api/health/route.ts": 1776792419.8752925,
  "apps/web/src/app/api/cost/route.ts": 1776767634.2101285,
  "apps/web/src/app/api/graph/html/route.ts": 1776767634.213482,
  "apps/web/src/app/api/graph/query/route.ts": 1776767634.2137892,
  "apps/web/src/app/api/confirm/route.ts": 1776767634.2099605,
  "apps/web/src/app/api/terminal/run/route.ts": 1776767634.2169604,
  "apps/web/src/app/api/models/route.ts": 1776767634.2142355,
  "apps/web/src/app/api/honeycomb/test/route.ts": 1776782911.7106545,
  "apps/web/src/app/api/honeycomb/config/route.ts": 1776782911.7102184,
  "apps/web/src/app/api/sessions/route.ts": 1776767634.21613,
  "apps/web/src/app/api/sessions/[sessionId]/route.ts": 1776767634.2158349,
  "apps/web/src/app/api/files/write/move/route.ts": 1776767634.2125,
  "apps/web/src/app/api/files/write/delete/route.ts": 1776767634.2123342,
  "apps/web/src/app/api/files/write/confirm/route.ts": 1776767634.2119777,
  "apps/web/src/app/api/files/write/rename/route.ts": 1776767634.2126791,
  "apps/web/src/app/api/files/write/save/route.ts": 1776767634.2128987,
  "apps/web/src/app/api/files/write/create/route.ts": 1776767634.2121758,
  "apps/web/src/app/api/files/write/upload/route.ts": 1776767634.2132099,
  "apps/web/src/app/api/files/tree/route.ts": 1776767634.2116115,
  "apps/web/src/app/api/files/reveal/route.ts": 1776767634.2111773,
  "apps/web/src/app/api/files/content/route.ts": 1776767634.2103453,
  "apps/web/src/app/api/files/status/route.ts": 1776767634.21135,
  "apps/web/src/app/api/files/raw/route.ts": 1776767634.2106035,
  "apps/web/src/app/api/git/commit/route.ts": 1776789321.900478,
  "apps/web/src/app/api/git/branch/route.ts": 1776789321.8997395,
  "apps/web/src/app/api/git/branch/delete/route.ts": 1776789321.899084,
  "apps/web/src/app/api/git/branch/switch/route.ts": 1776797822.284479,
  "apps/web/src/app/api/git/branch/create/route.ts": 1776789321.8983006,
  "apps/web/src/app/api/git/discard/route.ts": 1776789321.9017193,
  "apps/web/src/app/api/git/pull/route.ts": 1776789321.9030247,
  "apps/web/src/app/api/git/confirm/route.ts": 1776789321.901216,
  "apps/web/src/app/api/git/diff/route.ts": 1776789321.901486,
  "apps/web/src/app/api/git/status/route.ts": 1776789321.9048438,
  "apps/web/src/app/api/git/push/route.ts": 1776789321.9037201,
  "apps/web/src/app/api/git/fetch/route.ts": 1776789321.902081,
  "apps/web/src/app/api/git/unstage/route.ts": 1776789321.9054434,
  "apps/web/src/app/api/git/log/route.ts": 1776789321.9023206,
  "apps/web/src/app/api/git/stage/route.ts": 1776789321.9044194,
  "apps/web/src/components/left-column-tabs.tsx": 1776789321.9071083,
  "apps/web/src/components/settings/honeycomb-config.tsx": 1776789321.9079685,
  "apps/web/src/components/settings/model-picker.tsx": 1776611484.3332734,
  "apps/web/src/components/settings/monaco-themes.ts": 1776792419.877043,
  "apps/web/src/components/settings/settings-panel.tsx": 1776782911.7123413,
  "apps/web/src/components/settings/permission-toggle.tsx": 1776611484.3334367,
  "apps/web/src/components/settings/personality-toggle.tsx": 1776611484.3335834,
  "apps/web/src/components/settings/shortcuts-help.tsx": 1776767634.2242088,
  "apps/web/src/components/settings/theme-toggle.tsx": 1776611484.3339329,
  "apps/web/src/components/settings/use-theme.ts": 1776798869.3467755,
  "apps/web/src/components/chat/tool-call-card.tsx": 1776767634.2193494,
  "apps/web/src/components/chat/message-view.tsx": 1776793915.2983823,