{
  "packages/runtime/tests/friendly-error.test.ts": 1777899510.5236328,
  "packages/runtime/tests/can-use-tool-dispatch.test.ts": 1777899510.5231152,
  "packages/runtime/src/sdk-runner.ts": 1777899510.5220773,
  "packages/runtime/src/personality.ts": 1777899510.521462,
  "apps/macos/Package.swift": 1777911973.1332211,
  "apps/macos/MARVIN/AboutView.swift": 1777914712.810313,
  "apps/macos/MARVIN/HealthMonitor.swift": 1777915448.581696,
  "apps/macos/MARVIN/ChatPreviewView.swift": 1777920452.2502952,
  "apps/macos/MARVIN/Bridge.swift": 1777920223.0243022,
  "apps/macos/MARVIN/SettingsView.swift": 1777919492.4379764,
  "apps/macos/MARVIN/MARVINApp.swift": 1777920977.783528,
  "apps/macos/MARVIN/ChatMessageRow.swift": 1777918211.2300434,
  "apps/macos/MARVIN/StatusBarController.swift": 1777912941.3778226,
  "apps/macos/MARVIN/FileTreeView.swift": 1777921082.8495302,
  "apps/macos/MARVIN/NotificationManager.swift": 1777909737.538325,
  "apps/macos/MARVIN/ChatService.swift": 1777920295.797331,
  "apps/macos/MARVIN/ChatMessageModels.swift": 1777918150.3525717,
  "apps/macos/MARVIN/WebView.swift": 1777914460.4293225,
  "apps/macos/MARVIN/FilesService.swift": 1777920829.4748654,
  "apps/macos/MARVIN/ConfirmSheet.swift": 1777918841.1372478,
  "apps/macos/MARVIN/ChatInputView.swift": 1777917486.33136,
  "apps/macos/MARVIN/ContentView.swift": 1777919647.1575155,
  "apps/macos/MARVIN/FileTypes.swift": 1777920797.3102622,
  "apps/macos/MARVIN/ChatTypes.swift": 1777920264.41274,
  "apps/web/next-env.d.ts": 1777907193.3049285,
  "apps/web/src/app/layout.tsx": 1777905284.0374062,
  "apps/web/src/app/page.tsx": 1777921036.2988918,
  "apps/web/src/components/chat/virtual-message-list.tsx": 1777901112.3105824,
  "apps/web/src/components/chat/use-chat-stream.ts": 1777899510.4504972,
  "apps/web/src/components/shell/marvin-shell-bridge.tsx": 1777911303.5767806,
  "apps/web/src/components/shell/top-bar.tsx": 1777914210.215673,
  "apps/web/src/components/cost/cost-pill.tsx": 1777907655.1569471,
  "apps/web/src/components/project/branch-badge.tsx": 1777908094.904928,
  "apps/web/src/components/source-control/source-control-panel.tsx": 1777899510.462182,
  "apps/web/src/components/brain/brain-liquid.tsx": 1777901112.3097098,
  "apps/web/src/components/file-tree/file-tree.tsx": 1777899510.4572866,
  "apps/web/src/lib/panel-resize-signal.ts": 1777901112.31085,
  "apps/web/src/lib/marvin-shell.ts": 1777920167.3132741,
  "README.md": 1777899510.4421663,
  "CLAUDE.md": 1777899510.4406548,
  "docs/README.md": 1777899510.4683013,
  "docs/roadmap.md": 1777912032.9075398,
  "docs/development/workspace.md": 1777899510.4879584,
  "docs/development/testing.md": 1777899510.483394,
  "docs/development/contributing.md": 1777899510.4795933,
  "docs/decisions/0016-swift-migration.md": 1777901764.134191,
  "docs/decisions/0018-phase-3-files-source-control-native.md": 1777920732.78152,
  "docs/decisions/README.md": 1777920748.1522565,
  "docs/decisions/0017-phase-2-chat-native.md": 1777915852.5978587,
  "docs/concepts/graphify-integration.md": 1777899510.4745102,
  "docs/concepts/eight-phase-workflow.md": 1777899510.473112,
  "docs/history/CHANGELOG.md": 1777899510.4974895,
  "docs/reference/mcp-servers.md": 1777899510.4993439,
  "docs/reviews/DEFINITION_OF_DONE.md": 1777899510.5008643,
  "graphify-out/GRAPH_REPORT.md": 1777921835.7009573,
  "apps/macos/README.md": 1777909786.3729901,
  "apps/macos/BUILD.md": 1777912971.6665509,
  "apps/macos/PHASE-1A-OBSERVATIONS.md": 1777903849.6384192,
  "apps/macos/MARVIN/Resources/marvin-idle.svg": 1777911920.2373555,
  "apps/macos/MARVIN/Resources/marvin-active.svg": 1777911920.2382553,
  "apps/macos/MARVIN/Resources/marvin-app.svg": 1777911920.238907,
  "apps/macos/build-spm/MARVIN-Swift.app/Contents/Resources/marvin-idle.svg": 1777919690.7629337,
  "apps/macos/build-spm/MARVIN-Swift.app/Contents/Resources/marvin-active.svg": 1777919690.7591944,
  "apps/macos/build-spm/MARVIN-Swift.app/Contents/Resources/marvin-app.svg": 1777919690.7611122
}