{
  "packages/ui/src/tabs.tsx": 1776439693.873115,
  "packages/ui/src/card.tsx": 1776439693.8196003,
  "packages/ui/src/sheet.tsx": 1776439693.857209,
  "packages/ui/src/scroll-area.tsx": 1776439693.8411841,
  "packages/ui/src/utils.ts": 1776439538.8007455,
  "packages/ui/src/tooltip.tsx": 1776439693.8783257,
  "packages/ui/src/avatar.tsx": 1776439693.8037312,
  "packages/ui/src/dialog.tsx": 1776439693.825184,
  "packages/ui/src/badge.tsx": 1776439693.8093,
  "packages/ui/src/table.tsx": 1776439693.8679106,
  "packages/ui/src/index.ts": 1776439995.6337345,
  "packages/ui/src/separator.tsx": 1776439693.8518941,
  "packages/ui/src/button.tsx": 1776439693.8144696,
  "packages/ui/src/dropdown-menu.tsx": 1776439693.8307092,
  "packages/ui/src/select.tsx": 1776439693.846894,
  "packages/ui/src/input.tsx": 1776439693.8359895,
  "packages/ui/src/skeleton.tsx": 1776439693.8628538,
  "packages/tools/src/policy.ts": 1776438025.0588427,
  "packages/tools/src/index.ts": 1776438703.513422,
  "packages/git-watch/src/index.ts": 1776438579.4396987,
  "packages/runtime/src/claude-cli.ts": 1776441168.1215456,
  "packages/runtime/src/session.ts": 1776438703.5196023,
  "packages/runtime/src/index.ts": 1776438703.5223174,
  "packages/runtime/src/paths.ts": 1776438081.0008535,
  "packages/runtime/src/personality.ts": 1776446093.1814764,
  "packages/runtime/src/auth.ts": 1776438113.0450583,
  "packages/graphify-bridge/src/refresh-docs.ts": 1776438588.2203307,
  "packages/graphify-bridge/src/index.ts": 1776438703.5250711,
  "packages/graphify-bridge/src/watchdog.ts": 1776438281.357492,
  "packages/project-context/src/infra-probes.ts": 1776439847.9181185,
  "packages/project-context/src/index.ts": 1776442546.467402,
  "apps/web/next-env.d.ts": 1776438642.3024435,
  "apps/web/next.config.ts": 1776438793.039099,
  "apps/web/src/app/layout.tsx": 1776446120.0418916,
  "apps/web/src/app/page.tsx": 1776456949.0224752,
  "apps/web/src/app/api/chat/route.ts": 1776438377.3794842,
  "apps/web/src/app/api/health/route.ts": 1776438358.8513973,
  "apps/web/src/app/api/terminal/run/route.ts": 1776451119.7895687,
  "apps/web/src/app/api/files/tree/route.ts": 1776449318.1911728,
  "apps/web/src/app/api/files/content/route.ts": 1776450403.5081446,
  "apps/web/src/app/api/files/status/route.ts": 1776450415.1491172,
  "apps/web/src/components/chat/tool-call-card.tsx": 1776456936.6226206,
  "apps/web/src/components/chat/message-view.tsx": 1776446372.9934995,
  "apps/web/src/components/chat/types.ts": 1776446310.2043512,
  "apps/web/src/components/chat/use-chat-stream.ts": 1776446344.4396906,
  "apps/web/src/components/input/chat-input.tsx": 1776446385.4860907,
  "apps/web/src/components/shell/status-bar.tsx": 1776446393.8773193,
  "apps/web/src/components/terminal/terminal.tsx": 1776451161.0455155,
  "apps/web/src/components/brain/marvin-brain.tsx": 1776449157.1119933,
  "apps/web/src/components/file-viewer/file-viewer.tsx": 1776450473.4519985,
  "apps/web/src/components/file-tree/file-tree.tsx": 1776450447.3273273,
  "README.md": 1776437963.7733343,
  "PLAN.md": 1776451843.856346,
  "CLAUDE.md": 1776439897.8562167,
  "graphify-out/GRAPH_REPORT.md": 1776456926.505999
}