{
  "apps/web/src/components/chat/types.ts": 1776457477.3545027,
  "packages/runtime/src/confirm-registry.ts": 1776611484.3536258,
  "packages/runtime/src/models.ts": 1776611484.3539486,
  "packages/runtime/src/turn-registry.ts": 1776611484.3555222,
  "packages/graphify-bridge/src/mcp-server.ts": 1776611484.351192,
  "apps/web/src/components/settings/model-picker.tsx": 1776611484.3332734,
  "apps/web/src/components/settings/permission-toggle.tsx": 1776611484.3334367,
  "apps/web/src/components/settings/personality-toggle.tsx": 1776611484.3335834,
  "apps/web/src/components/settings/theme-toggle.tsx": 1776611484.3339329,
  "apps/web/src/components/settings/use-theme.ts": 1776611484.3340828,
  "apps/web/src/components/chat/use-chat-stream.ts": 1776611484.3301127,
  "apps/web/src/components/input/chat-input.tsx": 1776611484.3315384,
  "apps/web/src/components/shell/status-bar.tsx": 1776611484.3343818,
  "apps/web/src/components/cost/cost-pill.tsx": 1776611484.33049,
  "apps/web/src/components/project/use-projects.ts": 1776611484.3329601,
  "apps/web/src/components/project/types.ts": 1776611484.3327894,
  "apps/web/src/components/brain/brain-liquid.tsx": 1776611484.3295035,
  "packages/tools/src/policy.ts": 1776438025.0588427,
  "vitest.config.ts": 1776767634.2470763,
  "packages/ui/src/alert-dialog.tsx": 1776767634.2420192,
  "packages/ui/src/tabs.tsx": 1776767634.2457972,
  "packages/ui/src/card.tsx": 1776767634.2429354,
  "packages/ui/src/sheet.tsx": 1776767634.24543,
  "packages/ui/src/scroll-area.tsx": 1776767634.2448344,
  "packages/ui/src/utils.ts": 1776767634.2461426,
  "packages/ui/src/tooltip.tsx": 1776767634.2459557,
  "packages/ui/src/avatar.tsx": 1776767634.242244,
  "packages/ui/src/dialog.tsx": 1776767634.2433002,
  "packages/ui/src/badge.tsx": 1776767634.2424872,
  "packages/ui/src/table.tsx": 1776767634.245625,
  "packages/ui/src/index.ts": 1776767634.244012,
  "packages/ui/src/separator.tsx": 1776767634.2452428,
  "packages/ui/src/button.tsx": 1776767634.242775,
  "packages/ui/src/dropdown-menu.tsx": 1776767634.243776,
  "packages/ui/src/select.tsx": 1776767634.2450662,
  "packages/ui/src/input.tsx": 1776767634.244617,
  "/Users/robertilisei/marvin/packages/ui/src/skeleton.tsx": 1776439693.8628538,
  "packages/ui/src/context-menu.tsx": 1776767634.2430787,
  "packages/tools/tests/fs-constants.test.ts": 1776767634.241385,
  "packages/tools/tests/fs-write-policy.test.ts": 1776767634.2415447,
  "packages/tools/src/index.ts": 1776767634.2411995,
  "packages/tools/src/fs-write-policy.ts": 1776767634.2410347,
  "packages/tools/src/fs-constants.ts": 1776767634.2408822,
  "packages/git-watch/src/index.ts": 1776767634.2350512,
  "packages/runtime/tests/fs-sandbox.test.ts": 1776767634.2398894,
  "packages/runtime/tests/fs-write-confirm-registry.test.ts": 1776767634.240132,
  "packages/runtime/src/fs-write-confirm-registry.ts": 1776767634.2380674,
  "packages/runtime/src/claude-cli.ts": 1776767634.2375588,
  "packages/runtime/src/fs-sandbox.ts": 1776767634.237863,
  "packages/runtime/src/projects.ts": 1776767634.2392077,
  "packages/runtime/src/sdk-runner.ts": 1776767634.2394793,
  "packages/runtime/src/playwright-mcp.ts": 1776767634.239001,
  "packages/runtime/src/session.ts": 1776767634.2396505,
  "packages/runtime/src/index.ts": 1776767634.2382305,
  "packages/runtime/src/paths.ts": 1776767634.2383988,
  "packages/runtime/src/cost-tracker.ts": 1776767634.2377257,
  "packages/runtime/src/personality.ts": 1776767634.2387881,
  "packages/runtime/src/auth.ts": 1776767634.2373705,
  "packages/graphify-bridge/src/refresh-docs.ts": 1776767634.2360528,
  "packages/graphify-bridge/src/read-graph.ts": 1776767634.2358818,
  "packages/graphify-bridge/src/index.ts": 1776767634.2352738,
  "packages/graphify-bridge/src/watchdog.ts": 1776767634.2362072,
  "packages/project-context/src/workflow-health.ts": 1776767634.2368555,
  "packages/project-context/src/infra-probes.ts": 1776767634.2366848,
  "packages/project-context/src/index.ts": 1776767634.2364745,
  "/Users/robertilisei/marvin/apps/web/next-env.d.ts": 1776438642.3024435,
  "apps/web/next.config.ts": 1776770347.652778,
  "apps/web/src/app/layout.tsx": 1776767634.217604,
  "apps/web/src/app/page.tsx": 1776770178.4833577,
  "apps/web/src/app/api/chat/route.ts": 1776767634.209749,
  "apps/web/src/app/api/files/reveal/route.ts": 1776767634.2111773,
  "apps/web/src/app/api/chat/cancel/route.ts": 1776767634.2083983,
  "apps/web/src/app/api/chat/resume/route.ts": 1776767634.2086358,
  "apps/web/src/app/api/files/raw/route.ts": 1776767634.2106035,
  "apps/web/src/app/api/projects/route.ts": 1776767634.2146227,
  "apps/web/src/app/api/projects/verify/route.ts": 1776767634.21489,
  "apps/web/src/app/api/projects/active/route.ts": 1776767634.2144287,
  "apps/web/src/app/api/health/route.ts": 1776769955.915637,
  "apps/web/src/app/api/cost/route.ts": 1776767634.2101285,
  "apps/web/src/app/api/graph/html/route.ts": 1776767634.213482,
  "apps/web/src/app/api/graph/query/route.ts": 1776767634.2137892,
  "apps/web/src/app/api/confirm/route.ts": 1776767634.2099605,
  "apps/web/src/app/api/terminal/run/route.ts": 1776767634.2169604,
  "apps/web/src/app/api/models/route.ts": 1776767634.2142355,
  "apps/web/src/app/api/sessions/route.ts": 1776767634.21613,
  "apps/web/src/app/api/sessions/[sessionId]/route.ts": 1776767634.2158349,
  "apps/web/src/app/api/files/write/move/route.ts": 1776767634.2125,
  "apps/web/src/app/api/files/write/delete/route.ts": 1776767634.2123342,
  "apps/web/src/app/api/files/write/confirm/route.ts": 1776767634.2119777,
  "apps/web/src/app/api/files/write/rename/route.ts": 1776767634.2126791,
  "apps/web/src/app/api/files/write/save/route.ts": 1776767634.2128987,
  "apps/web/src/app/api/files/write/create/route.ts": 1776767634.2121758,
  "apps/web/src/app/api/files/write/upload/route.ts": 1776767634.2132099,
  "apps/web/src/app/api/files/tree/route.ts": 1776767634.2116115,
  "apps/web/src/app/api/files/content/route.ts": 1776767634.2103453,
  "apps/web/src/app/api/files/status/route.ts": 1776767634.21135,
  "apps/web/src/components/settings/monaco-themes.ts": 1776767634.2240126,
  "apps/web/src/components/settings/shortcuts-help.tsx": 1776767634.2242088,
  "apps/web/src/components/chat/tool-call-card.tsx": 1776767634.2193494,
  "apps/web/src/components/chat/message-view.tsx": 1776767634.219081,
  "apps/web/src/components/chat/confirm-prompt.tsx": 1776767634.2188144,
  "apps/web/src/components/shell/use-tauri-menu.ts": 1776770152.6827314,
  "apps/web/src/components/graph/graph-panel.tsx": 1776767634.223024,
  "apps/web/src/components/terminal/terminal.tsx": 1776767634.2244902,
  "apps/web/src/components/diff/diff-viewer.tsx": 1776767634.2196023,
  "apps/web/src/components/project/branch-badge.tsx": 1776767634.223658,
  "apps/web/src/components/project/add-project-dialog.tsx": 1776767634.2234945,
  "apps/web/src/components/project/project-picker.tsx": 1776767634.2238455,
  "apps/web/src/components/brain/marvin-brain.tsx": 1776767634.218572,
  "apps/web/src/components/brain/advisor-orb.tsx": 1776767634.218233,
  "apps/web/src/components/preview/preview-pane.tsx": 1776767634.2232547,
  "apps/web/src/components/file-viewer/unsaved-guard.tsx": 1776767634.222448,
  "apps/web/src/components/file-viewer/use-dirty-state.ts": 1776767634.222585,
  "apps/web/src/components/file-viewer/monaco-editor.tsx": 1776767634.222242,
  "apps/web/src/components/file-viewer/editor-toolbar.tsx": 1776767634.2218091,
  "apps/web/src/components/file-viewer/file-viewer.tsx": 1776767634.22204,
  "apps/web/src/components/file-tree/tree-context-menu.tsx": 1776767634.2206697,
  "apps/web/src/components/file-tree/file-tree.tsx": 1776767634.2201333,
  "apps/web/src/components/file-tree/use-os-drop.ts": 1776767634.2211888,
  "apps/web/src/components/file-tree/use-fs-mutations.ts": 1776767634.2210464,
  "apps/web/src/components/file-tree/quick-open.tsx": 1776767634.2204418,